Huw Cater&hu-cate@careful-organics.org
Adalardo Diem&adalardo.die@egl-inc.info
Lindberg Puryear&lin-pur@consolidated-farm-research.net
Shridevi Rubio&shriderubio@autozone-inc.info
Qasim Yim&qasimyi@autozone-inc.info
Smedley Rubio&sm_ru@careful-organics.org
Cleo Wardlaw&cl.ward@egl-inc.info
Tuyen Pederson&tu.peders@careful-organics.org
Joni Pederson&jon_pederso@autozone-inc.info
Thosa Givens&thosa.given@consolidated-farm-research.net
Searle Littrell&searlittr@arvinmeritor.info
Norbert Nickson&norber.nicks@progressenergyinc.info
Anne Shorts&anne-shor@consolidated-farm-research.net
Carson Rohde&car.ro@careful-organics.org
Michael Linehan&michae_lin@arvinmeritor.info
Iphigenia Maki&iphigmak@acusage.net
Lolita Littrell&lol_littr@autozone-inc.info
Arziki Pfeiffer&arz.pfe@careful-organics.org
Shawn Fentress&shaw.fent@acusage.net
Dory Wei&dory_wei@careful-organics.org

